{
  "animations": {
    "enabled": false,
    "observerDied": {
      "alpha": {
        "high": 1,
        "low": 0
      },
      "delay": 0,
      "duration": 1,
      "enabled": true,
      "radius": {
        "high": 0.20000000298023224,
        "low": 0
      }
    },
    "occurrenceDied": {
      "alpha": {
        "high": 1,
        "low": 0
      },
      "delay": 0,
      "duration": 1,
      "enabled": true,
      "radius": {
        "high": 0.20000000298023224,
        "low": 0
      }
    },
    "occurrenceSpawnFailed": {
      "alpha": {
        "high": 1,
        "low": 0
      },
      "delay": 0,
      "duration": 1,
      "enabled": true,
      "radius": {
        "high": 0.0099999997764825821,
        "low": 0
      }
    }
  },
  "colors": {
    "background": [
      0,
      0,
      0,
      1
    ],
    "bounds": [
      0.20000000298023224,
      0.20000000298023224,
      0.20000000298023224,
      1
    ],
    "fog": [
      0.60000002384185791,
      0.60000002384185791,
      0.60000002384185791,
      0.5
    ],
    "observerDied": [
      0.66000598669052124,
      0.64406800270080566,
      0.78750300407409668,
      0.27551019191741943
    ],
    "observerMarker": [
      0.52499997615814209,
      0.69999998807907104,
      0.34999999403953552,
      1
    ],
    "observerThresholdConnector": [
      0.69999998807907104,
      0.69999998807907104,
      0.85000002384185791,
      0.47959184646606445
    ],
    "occurrenceConnector": [
      0.83673471212387085,
      0.63265305757522583,
      0.37244898080825806,
      1
    ],
    "occurrenceDied": [
      0.7662540078163147,
      0.64406800270080566,
      0.4528219997882843,
      0.1785714328289032
    ],
    "occurrenceMarker": [
      1,
      0.5,
      0.34000000357627869,
      1
    ],
    "occurrenceRange": [
      0.5,
      0.5,
      0.5,
      0.12244898080825806
    ],
    "occurrenceSpawnFailed": [
      0.81406599283218384,
      0.68125498294830322,
      0.51125800609588623,
      0.36224490404129028
    ]
  },
  "core": {
    "bounds": {
      "size": 5.7653064727783203
    },
    "clock": {
      "paused": false,
      "rate": 1.6734694242477417
    },
    "debug": {
      "showBounds": false,
      "showLog": false,
      "showPhysics": true,
      "showStatus": true
    },
    "syphonEnabled": true
  },
  "observers": {
    "initialVelocity": {
      "high": 0.090306125581264496,
      "low": 0.012755102477967739
    },
    "lifetime": {
      "high": 187.34693908691406,
      "low": 48.979595184326172
    },
    "renderer": {
      "fadeIn": {
        "duration": 1,
        "endValue": 1,
        "startValue": 0
      },
      "size": 0.029999999329447746,
      "wireBrightness": 1.0561224222183228,
      "wireEnabled": false,
      "wireSaturation": 0.5,
      "wireScale": 1.125
    },
    "spawnInterval": {
      "interval": {
        "high": 6,
        "low": 2
      }
    },
    "threshold": {
      "enabled": false,
      "range": {
        "high": 0.10000000149011612,
        "low": 0
      }
    }
  },
  "occurrences": {
    "connectorRenderer": {
      "connectionCountRange": {
        "high": 4,
        "low": 0
      },
      "enabled": true
    },
    "initialVelocity": {
      "high": 0,
      "low": 0
    },
    "radius": {
      "high": 0.67346936464309692,
      "low": 0.20408163964748383
    },
    "renderer": {
      "connectionCountRange": {
        "high": 4,
        "low": 0
      },
      "fadeIn": {
        "duration": 1,
        "endValue": 1,
        "startValue": 0
      },
      "showRange": false,
      "size": 0.096938773989677429,
      "wireBrightness": 1.5,
      "wireEnabled": true,
      "wireSaturation": 0.19897958636283875,
      "wireScale": 1.2030612230300903
    },
    "spawnInterval": {
      "interval": {
        "high": 6,
        "low": 2
      }
    }
  },
  "physics": {
    "observerOccurrenceAttraction": {
      "distanceBounds": {
        "high": 1.209496021270752,
        "low": 0.039999999105930328
      },
      "enabled": true,
      "magnitude": 0.00897959154099226,
      "reverse": false
    },
    "observerSpatialNoiseForce": {
      "enabled": false,
      "magnitude": 0.0061224489472806454,
      "rate": 0.10000000149011612,
      "scale": 1
    },
    "observers": {
      "damping": 0.0099999997764825821,
      "speed": 1.2755101919174194
    },
    "occurrenceObserverAttraction": {
      "distanceBounds": {
        "high": 1.5635151863098145,
        "low": 0.039999999105930328
      },
      "enabled": false,
      "magnitude": 9.9999997473787516e-05,
      "reverse": false
    },
    "occurrenceSpatialNoiseForce": {
      "enabled": false,
      "magnitude": 0.0071428576484322548,
      "rate": 0.028061224147677422,
      "scale": 1
    },
    "occurrences": {
      "damping": 0.0099999997764825821,
      "speed": 1.6326529979705811
    },
    "rebound": {
      "enabled": true
    }
  },
  "rendering": {
    "camera": {
      "spinEnabled": false,
      "spinRate": [
        0.52478218078613281,
        2.1907539367675781,
        0.42065811157226562
      ]
    },
    "fog": {
      "density": 0.0008367347763851285,
      "distance": {
        "high": 4.0016660690307617,
        "low": 3.3769264221191406
      },
      "enabled": false,
      "useBackgroundColor": true
    },
    "postProc": {
      "bloom": {
        "enabled": true
      },
      "dof": {
        "aperture": 0.33161184191703796,
        "enabled": false,
        "focus": 1.0010828971862793,
        "maxBlur": 0.67721784114837646
      },
      "edge": {
        "enabled": false,
        "hue": 0.5,
        "saturation": 0.5
      },
      "enabled": true,
      "fxaa": {
        "enabled": true
      },
      "rimHighlight": {
        "enabled": false
      }
    }
  }
}