{
  "animations": {
    "enabled": false,
    "observerDied": {
      "alpha": {
        "high": 0,
        "low": 1
      },
      "duration": 2.3265306949615479,
      "enabled": true,
      "radius": {
        "high": 0.20000000298023224,
        "low": 0
      }
    },
    "occurrenceDied": {
      "alpha": {
        "high": 0,
        "low": 1
      },
      "duration": 3.3469388484954834,
      "enabled": true,
      "radius": {
        "high": 0.20000000298023224,
        "low": 0
      }
    },
    "occurrenceSpawnFailed": {
      "alpha": {
        "high": 0,
        "low": 1
      },
      "duration": 1,
      "enabled": true,
      "radius": {
        "high": 0.17509371042251587,
        "low": 0
      }
    }
  },
  "colors": {
    "background": [
      0,
      0,
      0,
      1
    ],
    "bounds": [
      0.20000000298023224,
      0.20000000298023224,
      0.20000000298023224,
      1
    ],
    "fog": [
      0.60000002384185791,
      0.60000002384185791,
      0.60000002384185791,
      0.5
    ],
    "observerConnector": [
      0.38265305757522583,
      0.70918369293212891,
      0.33163264393806458,
      0.20408163964748383
    ],
    "observerDied": [
      0.66000598669052124,
      0.64406800270080566,
      0.78750300407409668,
      0.27551019191741943
    ],
    "observerMarker": [
      0.52499997615814209,
      0.69999998807907104,
      0.34999999403953552,
      1
    ],
    "observerThresholdConnector": [
      0.69999998807907104,
      0.69999998807907104,
      0.85000002384185791,
      0.47959184646606445
    ],
    "occurrenceConnector": [
      1,
      0.5,
      0.34000000357627869,
      1
    ],
    "occurrenceDied": [
      0.7662540078163147,
      0.64406800270080566,
      0.4528219997882843,
      0.1785714328289032
    ],
    "occurrenceMarker": [
      1,
      0.5,
      0.34000000357627869,
      1
    ],
    "occurrenceObserverConnector": [
      0.83673471212387085,
      0.63265305757522583,
      0.37244898080825806,
      1
    ],
    "occurrenceRange": [
      0.5,
      0.5,
      0.5,
      0.13775509595870972
    ],
    "occurrenceSpawnFailed": [
      0.81406599283218384,
      0.68125498294830322,
      0.51125800609588623,
      0.36224490404129028
    ]
  },
  "core": {
    "bounds": {
      "size": 11.584182739257812
    },
    "clock": {
      "paused": false,
      "rate": 1.6734694242477417
    },
    "debug": {
      "loggingEnabled": false,
      "showBounds": false,
      "showPhysics": false,
      "showStatus": true
    },
    "midi": {
      "enabled": true,
      "twister": {
        "enabled": false
      }
    },
    "output": {
      "externalEnabled": true,
      "fullscreen": true
    }
  },
  "navigators": {
    "moveRate": 1,
    "observerNavigatorSpawner": {
      "enabled": true,
      "rate": 0.091836735606193542
    },
    "reachRange": 0.00050000002374872565
  },
  "observers": {
    "connectorRenderer": {
      "enabled": true
    },
    "initialVelocity": {
      "high": 0,
      "low": 0
    },
    "lifetime": {
      "high": 240,
      "low": 113.87755584716797
    },
    "rateSpawner": {
      "enabled": true,
      "rate": 11.020407676696777
    },
    "renderer": {
      "fadeIn": {
        "duration": 1,
        "endValue": 1,
        "startValue": 0
      },
      "size": 0.029999999329447746
    },
    "spawner": {
      "enabled": false,
      "interval": 4
    },
    "threshold": {
      "enabled": false,
      "range": {
        "high": 0.10000000149011612,
        "low": 0
      }
    }
  },
  "occurrences": {
    "connectorRenderer": {
      "connectionCountRange": {
        "high": 4,
        "low": 0
      },
      "enabled": true
    },
    "initialVelocity": {
      "high": 0,
      "low": 0
    },
    "occurrenceConnectorRenderer": {
      "enabled": true
    },
    "radius": {
      "high": 1.8367346525192261,
      "low": 0.20408163964748383
    },
    "rateSpawner": {
      "enabled": true,
      "rate": 3.2653059959411621
    },
    "renderer": {
      "connectionCountRange": {
        "high": 4,
        "low": 0
      },
      "fadeIn": {
        "duration": 1,
        "endValue": 1,
        "startValue": 0
      },
      "showRange": false,
      "size": 0.096938773989677429,
      "wireBrightness": 1.5,
      "wireEnabled": true,
      "wireSaturation": 0.19897958636283875,
      "wireScale": 1.0928571224212646
    },
    "spawner": {
      "enabled": false,
      "interval": 4
    }
  },
  "physics": {
    "observerAnchorPointAttraction": {
      "distanceBounds": {
        "high": 0.30000001192092896,
        "low": 0.039999999105930328
      },
      "enabled": false,
      "magnitude": 9.9999997473787516e-05,
      "reverse": false
    },
    "observerDamping": {
      "enabled": true,
      "magnitude": 0.066326528787612915
    },
    "observerObserverAttraction": {
      "distanceBounds": {
        "high": 1.0845481157302856,
        "low": 0.039999999105930328
      },
      "enabled": true,
      "magnitude": 0.0097959181293845177,
      "reverse": true
    },
    "observerOccurrenceAttraction": {
      "distanceBounds": {
        "high": 2.542273998260498,
        "low": 0.39733448624610901
      },
      "enabled": true,
      "magnitude": 0.00897959154099226,
      "reverse": false
    },
    "observerSpatialNoiseForce": {
      "enabled": false,
      "magnitude": 0.0020408162381500006,
      "rate": 0.10000000149011612,
      "scale": 1
    },
    "observers": {
      "speed": 1.2755101919174194
    },
    "occurrenceAnchorPointAttraction": {
      "distanceBounds": {
        "high": 1.2927947044372559,
        "low": 0.039999999105930328
      },
      "enabled": true,
      "magnitude": 0.059591837227344513,
      "reverse": false
    },
    "occurrenceDamping": {
      "enabled": true,
      "magnitude": 0.34183672070503235
    },
    "occurrenceObserverAttraction": {
      "distanceBounds": {
        "high": 1.917534351348877,
        "low": 0.039999999105930328
      },
      "enabled": true,
      "magnitude": 0.0069387755356729031,
      "reverse": true
    },
    "occurrenceSpatialNoiseForce": {
      "enabled": false,
      "magnitude": 0.0071428576484322548,
      "rate": 0.028061224147677422,
      "scale": 1
    },
    "occurrences": {
      "speed": 1.6326529979705811
    },
    "rebound": {
      "enabled": true
    }
  },
  "rendering": {
    "camera": {
      "spinEnabled": false,
      "spinRate": [
        -0.20408153533935547,
        0.83715057373046875,
        -0.72469806671142578
      ]
    },
    "fog": {
      "density": 0.00014285715587902814,
      "distance": {
        "high": 4.0016660690307617,
        "low": 3.3769264221191406
      },
      "enabled": true,
      "useBackgroundColor": true
    },
    "postProc": {
      "bloom": {
        "enabled": true
      },
      "dof": {
        "aperture": 0.33161184191703796,
        "enabled": true,
        "focus": 1.0063556432723999,
        "maxBlur": 0.67721784114837646
      },
      "edge": {
        "enabled": false,
        "hue": 0.5,
        "saturation": 0.5
      },
      "enabled": true,
      "fxaa": {
        "enabled": true
      },
      "rimHighlight": {
        "enabled": false
      }
    }
  }
}