{
  "animations": {
    "enabled": false,
    "observerDied": {
      "alpha": {
        "high": 0,
        "low": 1
      },
      "duration": 2.3265306949615479,
      "enabled": true,
      "radius": {
        "high": 0.20000000298023224,
        "low": 0
      }
    },
    "occurrenceDied": {
      "alpha": {
        "high": 0,
        "low": 1
      },
      "duration": 3.3469388484954834,
      "enabled": true,
      "radius": {
        "high": 0.20000000298023224,
        "low": 0
      }
    },
    "occurrenceSpawnFailed": {
      "alpha": {
        "high": 0,
        "low": 1
      },
      "duration": 1,
      "enabled": true,
      "radius": {
        "high": 0.17509371042251587,
        "low": 0
      }
    }
  },
  "colors": {
    "background": [
      0,
      0,
      0,
      1
    ],
    "bounds": [
      0.20000000298023224,
      0.20000000298023224,
      0.20000000298023224,
      1
    ],
    "fog": [
      0.60000002384185791,
      0.60000002384185791,
      0.60000002384185791,
      0.5
    ],
    "observerConnector": [
      0.38265305757522583,
      0.70918369293212891,
      0.33163264393806458,
      0.12244898080825806
    ],
    "observerDied": [
      0.66000598669052124,
      0.64406800270080566,
      0.78750300407409668,
      0.27551019191741943
    ],
    "observerMarker": [
      0.52499997615814209,
      0.69999998807907104,
      0.34999999403953552,
      1
    ],
    "observerThresholdConnector": [
      0.69999998807907104,
      0.69999998807907104,
      0.85000002384185791,
      0.47959184646606445
    ],
    "occurrenceConnector": [
      1,
      0.5,
      0.34000000357627869,
      1
    ],
    "occurrenceDied": [
      0.7662540078163147,
      0.64406800270080566,
      0.4528219997882843,
      0.1785714328289032
    ],
    "occurrenceMarker": [
      1,
      0.5,
      0.34000000357627869,
      1
    ],
    "occurrenceObserverConnector": [
      0.83673471212387085,
      0.63265305757522583,
      0.37244898080825806,
      1
    ],
    "occurrenceRange": [
      0.5,
      0.5,
      0.5,
      0.13775509595870972
    ],
    "occurrenceSpawnFailed": [
      0.81406599283218384,
      0.68125498294830322,
      0.51125800609588623,
      0.36224490404129028
    ]
  },
  "core": {
    "bounds": {
      "size": 1000
    },
    "clock": {
      "paused": false,
      "rate": 1.6734694242477417
    },
    "midi": {
      "enabled": false,
      "max": {
        "enabled": true
      },
      "twister": {
        "enabled": false
      }
    },
    "osc": {
      "enabled": true,
      "inputEnabled": true,
      "inputPort": 9999,
      "outputEnabled": true,
      "outputHost": "localhost",
      "outputPort": 9000,
      "paramPrefix": "/param/"
    },
    "output": {
      "externalEnabled": true,
      "fullscreen": false
    }
  },
  "debug": {
    "inspect": {
      "clickRange": 13.577677726745605,
      "enabled": true,
      "showInfo": true
    },
    "logging": {
      "anim": {
        "enabled": false,
        "level": 1
      },
      "app": {
        "enabled": false,
        "level": 1
      },
      "ctrl": {
        "enabled": false,
        "level": 1
      },
      "enabled": false,
      "nav": {
        "enabled": false,
        "level": 1
      },
      "obs": {
        "enabled": false,
        "level": 1
      },
      "occ": {
        "enabled": true,
        "level": 1
      }
    },
    "showBounds": false,
    "showPhysics": false,
    "showStatus": true
  },
  "navigators": {
    "moveRate": 23.25,
    "observerNavigatorSpawner": {
      "enabled": true,
      "rate": 0.55102038383483887
    },
    "reachRange": 8.25,
    "stepDuration": 1
  },
  "observers": {
    "rateSpawner": {
      "enabled": true,
      "initialVelocity": {
        "high": 7.7134523391723633,
        "low": 0
      },
      "lifetime": {
        "high": 240,
        "low": 158.78384399414062
      },
      "rate": 4.1071429252624512
    },
    "spawner": {
      "enabled": true,
      "initialVelocity": {
        "high": 6.0204081535339355,
        "low": 0
      },
      "interval": 5.0510201454162598,
      "lifetime": {
        "high": 240,
        "low": 161.28280639648438
      }
    }
  },
  "occurrences": {
    "rateSpawner": {
      "chain": {
        "chance": 0.21386922895908356
      },
      "chainCount": {
        "high": 17,
        "low": 1
      },
      "chainDistance": {
        "high": 100,
        "low": 90.108283996582031
      },
      "enabled": true,
      "initialVelocity": {
        "high": 1.0495628118515015,
        "low": 0
      },
      "radius": {
        "high": 73.052894592285156,
        "low": 20.991256713867188
      },
      "rate": 4.5153059959411621
    },
    "spawner": {
      "chain": {
        "chance": 0.20000000298023224
      },
      "chainCount": {
        "high": 5,
        "low": 1
      },
      "chainDistance": {
        "high": 40,
        "low": 8
      },
      "enabled": false,
      "initialVelocity": {
        "high": 0,
        "low": 0
      },
      "interval": 4,
      "radius": {
        "high": 35.568515777587891,
        "low": 0.20408163964748383
      }
    }
  },
  "physics": {
    "observerAnchorPointAttraction": {
      "distanceBounds": {
        "high": 0.30000001192092896,
        "low": 0.039999999105930328
      },
      "enabled": false,
      "magnitude": 9.9999997473787516e-05,
      "reverse": false
    },
    "observerDamping": {
      "enabled": true,
      "magnitude": 0.10204081237316132
    },
    "observerObserverAttraction": {
      "distanceBounds": {
        "high": 140.77468872070312,
        "low": 21.032907485961914
      },
      "enabled": true,
      "magnitude": 1.5306122303009033,
      "reverse": true
    },
    "observerOccurrenceForce": {
      "enabled": true,
      "force": {
        "length0": 31.799251556396484,
        "length1": 37.526031494140625,
        "startValue": -11.082881927490234,
        "value0": 1.2557258605957031,
        "value1": 5.9412746429443359
      },
      "magnitude": 0.76530611515045166
    },
    "observerSpatialNoiseForce": {
      "enabled": false,
      "magnitude": 0.61224490404129028,
      "rate": 0.038265306502580643,
      "scale": 98.979591369628906
    },
    "observers": {
      "speed": 1.2755101919174194
    },
    "occurrenceAnchorPointAttraction": {
      "distanceBounds": {
        "high": 174.61474609375,
        "low": 39.254482269287109
      },
      "enabled": false,
      "magnitude": 2.8571429252624512,
      "reverse": false
    },
    "occurrenceDamping": {
      "enabled": true,
      "magnitude": 0.34183672070503235
    },
    "occurrenceOccurrenceForce": {
      "enabled": true,
      "force": {
        "length0": 5,
        "length1": 35.443565368652344,
        "startValue": -5.1478548049926758,
        "value0": -2.3365259170532227,
        "value1": 0.78717327117919922
      },
      "magnitude": 1.3622448444366455
    },
    "occurrenceSpatialNoiseForce": {
      "enabled": false,
      "magnitude": 0.40816324949264526,
      "rate": 0.028061224147677422,
      "scale": 20.408163070678711
    },
    "occurrences": {
      "speed": 1.6326529979705811
    },
    "rebound": {
      "enabled": true
    }
  },
  "rendering": {
    "camera": {
      "spinEnabled": true,
      "spinRate": [
        0.0041656494140625,
        0.21241188049316406,
        -0.099958419799804688
      ]
    },
    "fog": {
      "density": 0.0013061225181445479,
      "distance": {
        "high": 4.0016660690307617,
        "low": 3.3769264221191406
      },
      "enabled": false,
      "useBackgroundColor": true
    },
    "observers": {
      "connectorRenderer": {
        "enabled": true,
        "lineWidth": 2.5114538669586182
      },
      "instancedRenderer": {
        "enabled": false,
        "fadeIn": {
          "duration": 1,
          "endValue": 1,
          "startValue": 0
        },
        "size": 10
      },